{"cameraMode":{"drawMode":0,"name":"Shaded","section":"Shading Mode"},"sceneLighting":true,"audioPlay":false,"sceneViewState":{"m_AlwaysRefresh":false,"showFog":true,"showSkybox":true,"showFlares":true,"showImageEffects":true,"showParticleSystems":true,"showVisualEffectGraphs":true,"m_FxEnabled":true},"in2DMode":false,"pivot":{"x":17.690174102783204,"y":-2.8604118824005129,"z":-9.152074813842774},"rotation":{"x":-0.04828689247369766,"y":0.012582032941281796,"z":-0.0006082708714529872,"w":-0.998758852481842},"size":11.379781723022461,"orthographic":false}