{"cameraMode":{"drawMode":0,"name":"Shaded","section":"Shading Mode"},"sceneLighting":false,"audioPlay":false,"sceneViewState":{"m_AlwaysRefresh":false,"showFog":true,"showSkybox":false,"showFlares":true,"showImageEffects":true,"showParticleSystems":true,"showVisualEffectGraphs":true,"m_FxEnabled":true},"in2DMode":false,"pivot":{"x":-0.08611583709716797,"y":6.055646896362305,"z":-1.3876101970672608},"rotation":{"x":0.35083553194999697,"y":-0.014046314172446728,"z":0.0052618831396102909,"w":0.9363289475440979},"size":6.341963291168213,"orthographic":false}